{
  "home": [-198.436, -146.497, 400.623, 179.502, -1.009, 90.27],
  "home2": [-198.436, -146.497, 400.623, 179.502, -1.009, -91.27],
  "home3": [-198.436, -146.497, 400.623, 179.502, -1.009, -145.27],
  "home_left": [280.241, -228.02, 378.877, -179.134, 0.67, 83.906],
  "home_left_mini": [280.241, -228.02, 378.877, -179.134, 0.67, 0.906],
  "funnel_before": [-188.885, -240.976, 195.244, 179.928, -1.278, -90.996],
  "funnel_up": [-188.885, -240.976, 316.244, 179.928, -1.278, -90.996],
  "funnel_grasp": [-188.885, -333.504, 194.244, 179.928, 0.0, -89.996],
  "funnel_before_back": [-188.885, -240.976, 187.244, 179.928, -1.278, -90.996],
  "funnel_grasp_back": [-188.885, -329.504, 187.244, 179.928, -1.278, -90.996],
  "funnel_recv_before": [-36.999, -240.976, 261.5, 179.928, -1.278, -90.007],
  "funnel_recv_up": [-36.999, -311.419, 316.508, 179.928, -1.278, -89.007],
  "funnel_recv": [-34.899, -312.419, 261.5, 179.928, -1.278, -89.007],
  "funnel_pull_tube12": [463.533, -26.195, 404.683, -125, 0.0, 0.0],
  "funnel_pull_out": [365.313, 210.225, 400.0, -125, 0.0, 0.0],
  "funnel_pull_out2": [310.572, 164.465, 329.053, -11.719, -0.293, 4.179],
  "tube_before": [-336.689, -195.762, 455.771, 179.07, -0.138,-90.007],
  "tube_up": [-336.689, -307.869, 455.771, 179.07, -0.138, 90.655],
  "tube_grasp": [-194.211, -334.131, 206.939, 179.556, -0.146, -89.026],
  "tube_mini_recv_down": [409.082, -360.797, 232.975, -179.909, -0.13, -89.551],
  "tube_mini_recv": [409.082, -360.797, 441.303, -179.909, -0.13, -89.551],
  "tube_mini_cap_before": [334.395, -281.758, 232.975, -179.909, -0.13, -89.551],
  "tube_mini_cap_down": [334.395, -363.919, 227.975, -179.909, -0.13, -89.551],
  "tube_mini_cap_down2": [334.395, -363.919, 221.975, -179.909, -0.13, -89.551],
  "tube_mini_cap": [334.395, -363.919, 282.951, -179.909, -0.13, -89.551],

  "copy_tube_transfer": [448.272, -320.347, 252.259, 179.986, 0.145, 88.488],
  "copy_tube_transfer2": [446.23, -256.502, 211.873, 179.986, 0.145, 88.488],
  "copy_tube_recv": [459.461, -435.68, 269.917, -179.134, 0.67, 106.261],
  
  "tube_transfer": [445.421, -322.003, 253.759, 179.989, -0.006, 90.096],
  "tube_transfer2": [437.378, -259.138, 211.873, 177.936, -0.124, 90.268],
  "tube_recv": [470.9, -437.59, 269.917, 177.936, -0.124, 90.268],

  "tube_evaporator_before": [-242.602, -234.115, 463.098, 179.847, 0.943, 89.729],

  "crucible_recv": [ -34.8751817,-377.38198365,223.48076351,179.49767279,1.69149247,-87.14867098],
  "crucible_cap": [273.62433303,-372.08773526,210.34866523,179.49767442,1.69149093,-87.14865137],
 
  "tube_mini_racks": { 
    "location1": [406.98, -344.304, 280.128, 179.651, 0.874, -0.984],
    "location2": [403.753, -277.782, 280.128, 179.651, 0.874, -0.984],
    "location3": [435.649,-369.318, 280.128, 179.651, 0.874, -0.984],
    "location4": [429.303, -309.798, 280.128,179.651, 0.874, -0.984],
    "location5": [430.285,-251.346, 280.128, 179.651, 0.874, -0.984],
    "location6": [465.421, -343.627, 280.128, 179.651, 0.874, -0.984],
    "location7": [462.931, -273.496, 280.128, 179.651, 0.874, -0.984],
    "location8": [497.224,-366.903, 280.128, 179.651, 0.874, -0.984],
    "location9": [499.336, -308.046, 280.128, 179.651, 0.874, -0.984],
    "location10": [493.912, -247.893, 280.128, 179.651, 0.874, -0.984],
    "location11": [522.597,-339.573, 280.128, 179.651, 0.874, -0.984],
    "location12": [522.97,-276.637, 280.128, 179.651, 0.874, -0.984]
  },
  "tube_racks": { 
    "location1": [556.069, -200.651, 354.0, 179.585, 0.01, -0.089],
    "location2": [556.643, -136.773, 354.0, 179.585, 0.01, -0.089],
    "location3": [554.335, -76.478, 354.0, 179.585, 0.01, -0.089],
    "location4": [551.772, -15.884, 354.0, 179.585, 0.01, -0.089],
    "location5": [614.11, -197.05, 354.0, 179.585, 0.01, -0.089],
    "location6": [612.118, -137.196, 354.0, 179.585, 0.01, -0.089],
    "location7": [609.737, -75.672, 354.0, 179.585, 0.01, -0.089],
    "location8": [609.121, -14.112, 354.0, 179.585, 0.01, -0.089],
    "location9": [673.77, -196.61, 354.0, 179.585, 0.01, -0.089],
    "location10": [670.671, -133.91, 354.0, 179.585, 0.01, -0.089],
    "location11": [669.555, -74.744, 354.0, 179.585, 0.01, -0.089],
    "location12": [665.798, -13.487, 354.0, 179.585, 0.01, -0.089]
  },
  "tube_evaporator_racks": { 
    "location1": [-540.223, -445.205, 355.866, 179.651, 0.874, 90.852],
    "location2": [-468.556, -442.481, 355.866, 179.847, 0.943, 90.852],
    "location3": [-397.197, -439.491, 355.866, 179.847, 0.943, 90.852],
    "location4": [-325.736, -436.843, 355.866, 179.847, 0.943, 90.852],
    "location5": [-542.2, -377.912, 355.866, 179.847, 0.943, 90.852],
    "location6": [-471.279, -374.296, 355.866, 179.847, 0.943, 90.852],
    "location7": [-399.727, -371.856, 355.866, 179.847, 0.943, 90.852],
    "location8": [-329.345, -369.643, 355.866, 179.847, 0.943, 90.852],
    "location9": [-545.36, -311.665, 355.866, 179.847, 0.943, 90.852],
    "location10": [-474.526, -310.315, 355.866, 179.847, 0.943, 90.852],
    "location11": [-401.621, -307.115, 355.866, 179.847, 0.943, 90.852],
    "location12": [-328.341, -306.008, 355.866, 179.991, -0.035, 90.1]
  },
  "crucible_racks": { 
    "location1": [309.72, -206.244, 143.0, -179.969, 0.024, -90.189],
    "location2": [259.736, -207.292, 143.0, -179.969, 0.024, -90.189],
    "location3": [64.382, -361.922, 143.0, -179.9969, 0.024, -0.018],
    "location4": [14.515, -364.121, 143.0, -179.9969, 0.024, -0.018],
    "location5": [-35.665, -365.981, 143.0, -179.9969, 0.024, -0.018]
  },
  "crucible_racks1": { 
    "location1": [258.423, -214.817, 183.0,-179.764,0.028,0.035],
    "location2": [275.293, -249.002, 183.0,-179.969,0.024,0.078],
    "location3": [271.781, -177.593, 183.0,-179.969,0.024,0.078],
    "location4": [313.901, -248.008, 183.0,-179.969,0.024,0.078],
    "location5": [309.941, -176.445, 183.0,-179.969,0.024,0.078],
    "location6": [328.729, -211.625, 183.0,-179.969,0.024,0.078]
  },
  "crucible_racks2": { 
    "location1": [253.093, -90.455, 183.0,-179.969,0.024,0.078],
    "location2": [269.968, -125.891, 183.0,-179.969,0.024,0.078],
    "location3": [268.203, -55.117, 183.0,-179.969,0.024,0.078],
    "location4": [309.045, -124.797, 183.0,-179.969,0.024,0.078],
    "location5": [307.096, -53.743, 183.0,-179.969,0.024,0.078],
    "location6": [322.931, -88.632, 183.0,-179.969,0.024,0.078]
  },

  "tray": {
    "cru_a": [315.946, -213.25, 153.044, -179.979, 0.011, 0.002],
    "cru_a_up": [],
    "cru_a_before": [207.001, -213.25, 153.044, -179.979, 0.011, 0.002],
    "cru_a_before_up": [],
    "cru_b": [],
    "cru_b_up": [],
    "cru_b_before": [],
    "cru_b_before_up": [],
    "tube": [473.112, 85.202, 182.301, 179.998, -0.006, 0.0],
    "tube_up": [],
    "tube_before": [324.608, 84.974, 182.031, 179.998, -0.006, 0.0],
    "tube_before_up": [],
    "pipette": [473.112, 85.202, 174.301, 179.998, -0.006, 0.0],
    "pipette_up": [],
    "pipette_before": [324.608, 84.974, 174.031, 179.998, -0.006, 0.0],
    "pipette_before_up": [],
    "eva_tube": [464.374, 289.669, 180.611, 179.998, -0.006, 0.0],
    "eva_tube_up": [],
    "eva_tube_before": [306.598, 289.669, 180.611, 179.998, -0.006, 0.0],
    "eva_tube_before_up": []
  },

  "oscillator_pusher_before1": [197.926, -347.544, 453.111, 179.145, -1.924, 90.795],
  "oscillator_pusher_before2": [197.926, -409.519, 208.956, 178.735, 2.739, 90.985],
  "oscillator_pusher": [197.926, -457.196, 208.956, 178.735, 2.739, 90.985],
  "magnetic_rotator_before": [89.811, -475.374, 396.512, 178.441, 0.398, 89.812],
  "magnetic_rotator": [89.811, -475.374, 365.102, 178.441, 0.398, 89.812],
  "magnetic_rotator2": [74.811, -457.374, 365.102, 178.441, 0.398, 89.812],
  "magnetic_rotator3": [89.811, -439.374, 365.102, 178.441, 0.398, 89.812],
  "magnetic_rotator_after": [89.811, -475.374, 508.078, 178.441, 0.398, 89.812],
  "grip_pull_up": [-80.167, -448.908, 508.046, 178.079, -0.426, 88.938],